{"cameraMode":{"drawMode":0,"name":"Shaded","section":"Shading Mode"},"sceneLighting":false,"audioPlay":false,"sceneViewState":{"showFog":true,"showMaterialUpdate":true,"showSkybox":true,"showFlares":true,"showImageEffects":true,"showParticleSystems":true},"in2DMode":false,"pivot":{"x":0.7325360774993897,"y":4.934359550476074,"z":5.582672119140625},"rotation":{"x":-0.05179126188158989,"y":-0.8704681992530823,"z":0.4804214835166931,"w":-0.09384496510028839},"size":5.657365322113037,"orthographic":false}