{"cameraMode":{"drawMode":0,"name":"Shaded","section":"Shading Mode"},"sceneLighting":false,"audioPlay":false,"sceneViewState":{"showFog":true,"showMaterialUpdate":true,"showSkybox":true,"showFlares":true,"showImageEffects":true,"showParticleSystems":true},"in2DMode":false,"pivot":{"x":0.6024761199951172,"y":-0.030054496601223947,"z":1.7827855348587037},"rotation":{"x":0.0527903288602829,"y":0.9381125569343567,"z":-0.16519871354103089,"w":0.29978057742118838},"size":3.3183491230010988,"orthographic":false}