{"cameraMode":{"drawMode":0,"name":"Shaded","section":"Shading Mode"},"sceneLighting":false,"audioPlay":false,"sceneViewState":{"showFog":true,"showMaterialUpdate":true,"showSkybox":true,"showFlares":true,"showImageEffects":true,"showParticleSystems":true},"in2DMode":false,"pivot":{"x":-9.640000343322754,"y":13.929664611816407,"z":-10.833313941955567},"rotation":{"x":-0.2939818799495697,"y":-0.21216636896133424,"z":0.06710237264633179,"w":-0.9295502305030823},"size":22.0,"orthographic":false}