{"cameraMode":{"drawMode":0,"name":"Shaded","section":"Shading Mode"},"sceneLighting":false,"audioPlay":false,"sceneViewState":{"showFog":true,"showMaterialUpdate":true,"showSkybox":false,"showFlares":true,"showImageEffects":true,"showParticleSystems":true},"in2DMode":false,"pivot":{"x":11.354353904724121,"y":-4.466863632202148,"z":7.930324077606201},"rotation":{"x":-0.3861755132675171,"y":-0.1856367588043213,"z":0.07965224236249924,"w":-0.9000383615493774},"size":2.8578848838806154,"orthographic":false}