{"cameraMode":{"drawMode":0,"name":"Shaded","section":"Shading Mode"},"sceneLighting":false,"audioPlay":false,"sceneViewState":{"showFog":true,"showMaterialUpdate":true,"showSkybox":true,"showFlares":true,"showImageEffects":true,"showParticleSystems":true},"in2DMode":false,"pivot":{"x":4.613753795623779,"y":1.282976508140564,"z":3.571676731109619},"rotation":{"x":-0.2517564296722412,"y":-0.1281661093235016,"z":0.03365789353847504,"w":-0.9586774110794067},"size":8.307666778564454,"orthographic":false}