{"cameraMode":{"drawMode":0,"name":"Shaded","section":"Shading Mode"},"sceneLighting":false,"audioPlay":false,"sceneViewState":{"showFog":true,"showMaterialUpdate":true,"showSkybox":true,"showFlares":true,"showImageEffects":true,"showParticleSystems":true},"in2DMode":false,"pivot":{"x":4.403770446777344,"y":-0.71376633644104,"z":-14.472230911254883},"rotation":{"x":-0.005636680871248245,"y":0.9477262496948242,"z":0.016767289489507676,"w":0.3185967803001404},"size":5.626687526702881,"orthographic":false}