{"cameraMode":{"drawMode":0,"name":"Shaded","section":"Shading Mode"},"sceneLighting":false,"audioPlay":false,"sceneViewState":{"showFog":true,"showMaterialUpdate":true,"showSkybox":true,"showFlares":true,"showImageEffects":true,"showParticleSystems":true},"in2DMode":false,"pivot":{"x":-1.072640061378479,"y":-0.4927945137023926,"z":-0.39585942029953005},"rotation":{"x":-0.048403602093458179,"y":0.8555415272712708,"z":-0.08135761320590973,"w":-0.5090057849884033},"size":2.849545955657959,"orthographic":false}