{"cameraMode":{"drawMode":0,"name":"Shaded","section":"Shading Mode"},"sceneLighting":false,"audioPlay":false,"sceneViewState":{"showFog":true,"showMaterialUpdate":true,"showSkybox":true,"showFlares":true,"showImageEffects":true,"showParticleSystems":true},"in2DMode":false,"pivot":{"x":4.91219425201416,"y":4.368855953216553,"z":0.3608391284942627},"rotation":{"x":-0.04382723197340965,"y":-0.47391828894615176,"z":0.023624751716852189,"w":-0.8791617155075073},"size":2.223276138305664,"orthographic":false}