{"cameraMode":{"drawMode":0,"name":"Shaded","section":"Shading Mode"},"sceneLighting":false,"audioPlay":false,"sceneViewState":{"showFog":true,"showMaterialUpdate":true,"showSkybox":true,"showFlares":true,"showImageEffects":true,"showParticleSystems":true},"in2DMode":false,"pivot":{"x":-0.13747692108154298,"y":-0.6472487449645996,"z":1.4592885971069337},"rotation":{"x":0.14683903753757478,"y":0.8530908823013306,"z":-0.3599875569343567,"w":0.3479793071746826},"size":4.654780864715576,"orthographic":false}