{"cameraMode":{"drawMode":0,"name":"Shaded","section":"Shading Mode"},"sceneLighting":false,"audioPlay":false,"sceneViewState":{"showFog":true,"showMaterialUpdate":true,"showSkybox":false,"showFlares":true,"showImageEffects":true,"showParticleSystems":true},"in2DMode":false,"pivot":{"x":11.354353904724121,"y":-4.466863632202148,"z":7.930324077606201},"rotation":{"x":-0.20205900073051454,"y":0.08859206736087799,"z":-0.018356267362833024,"w":-0.9751861691474915},"size":2.8578848838806154,"orthographic":false}