{"cameraMode":{"drawMode":0,"name":"Shaded","section":"Shading Mode"},"sceneLighting":false,"audioPlay":false,"sceneViewState":{"showFog":true,"showMaterialUpdate":true,"showSkybox":false,"showFlares":true,"showImageEffects":true,"showParticleSystems":true},"in2DMode":false,"pivot":{"x":5.104630947113037,"y":4.289999961853027,"z":0.4399999976158142},"rotation":{"x":-0.15627630054950715,"y":0.30896472930908205,"z":-0.051545243710279468,"w":-0.936729371547699},"size":1.4316290616989136,"orthographic":false}