{"cameraMode":{"drawMode":0,"name":"Shaded","section":"Shading Mode"},"sceneLighting":false,"audioPlay":false,"sceneViewState":{"showFog":true,"showMaterialUpdate":true,"showSkybox":true,"showFlares":true,"showImageEffects":true,"showParticleSystems":true},"in2DMode":false,"pivot":{"x":316.92169189453127,"y":3.1956429481506349,"z":226.4113311767578},"rotation":{"x":0.009981643408536911,"y":0.9664608836174011,"z":-0.03801090270280838,"w":0.2537917196750641},"size":38.45793533325195,"orthographic":false}