{"cameraMode":{"drawMode":0,"name":"Shaded","section":"Shading Mode"},"sceneLighting":false,"audioPlay":false,"sceneViewState":{"showFog":true,"showMaterialUpdate":true,"showSkybox":false,"showFlares":true,"showImageEffects":true,"showParticleSystems":true},"in2DMode":false,"pivot":{"x":5.104630947113037,"y":4.289999961853027,"z":0.4399999976158142},"rotation":{"x":-0.06181710585951805,"y":0.7779795527458191,"z":-0.07751578837633133,"w":-0.6204186677932739},"size":2.0005180835723879,"orthographic":false}