{"cameraMode":{"drawMode":0,"name":"Shaded","section":"Shading Mode"},"sceneLighting":false,"audioPlay":false,"sceneViewState":{"showFog":true,"showMaterialUpdate":true,"showSkybox":true,"showFlares":true,"showImageEffects":true,"showParticleSystems":true},"in2DMode":false,"pivot":{"x":-0.09531340003013611,"y":1.167475700378418,"z":1.63295316696167},"rotation":{"x":-0.013066824525594712,"y":0.9161144495010376,"z":0.0299590565264225,"w":0.399589866399765},"size":10.477234840393067,"orthographic":false}