{"cameraMode":{"drawMode":0,"name":"Shaded","section":"Shading Mode"},"sceneLighting":false,"audioPlay":false,"sceneViewState":{"showFog":true,"showMaterialUpdate":true,"showSkybox":true,"showFlares":true,"showImageEffects":true,"showParticleSystems":true},"in2DMode":false,"pivot":{"x":-0.14974093437194825,"y":-0.6078269481658936,"z":1.3906521797180176},"rotation":{"x":0.14683903753757478,"y":0.8530908823013306,"z":-0.3599875569343567,"w":0.3479793071746826},"size":10.038248062133789,"orthographic":false}